{"cameraMode":{"drawMode":0,"name":"Shaded","section":"Shading Mode"},"sceneLighting":false,"audioPlay":false,"sceneViewState":{"m_AlwaysRefresh":false,"showFog":true,"showSkybox":false,"showFlares":true,"showImageEffects":true,"showParticleSystems":true,"showVisualEffectGraphs":true,"m_FxEnabled":false},"in2DMode":false,"pivot":{"x":-21.045103073120118,"y":0.17922097444534303,"z":9.225085258483887},"rotation":{"x":0.10017958283424378,"y":-0.6746857166290283,"z":0.09318644553422928,"w":0.7253151535987854},"size":2.9090538024902345,"orthographic":false}